host,TTL,RTT,Dist
104.92.231.148,5,10029.560804367065,234.8826289860242
176.32.103.205,32,120245.3601360321,423.61799163566593
